{
  "global_step": 3,
  "summaries": [
    {
      "task_id": 0,
      "classes": [
        0,
        1
      ],
      "train_accuracy": 1.0,
      "test_accuracy": 0.9995271867612293,
      "train_loss": 0.0,
      "test_loss": 0.0,
      "train_energy": 0.0,
      "test_energy": 0.0,
      "epochs_trained": 5,
      "training_time": 8.550216913223267,
      "support_cols": [
        0,
        1,
        2,
        3,
        4,
        5,
        6,
        7,
        8,
        9,
        10,
        11
      ],
      "epoch_accuracies": [
        0.9990543735224586,
        0.9990543735224586,
        0.9995271867612293,
        0.9990543735224586,
        0.9995271867612293
      ],
      "epoch_losses": [
        0.0,
        0.0,
        0.0,
        0.0,
        0.0
      ],
      "selector_policy_used": false,
      "selector_trust": 0.5,
      "causal_selector_examples": 45.0,
      "causal_selector_corr": 0.0,
      "causal_selector_mae": 0.0,
      "causal_selector_effective_scale": 0.0,
      "causal_selector_coverage_gate": 0.16666666666666666,
      "causal_selector_agreement_gate": 0.0,
      "causal_selector_trend_gate": 1.0,
      "causal_selector_mix_gate": 0.0,
      "causal_similarity_mean": 0.0,
      "fingerprint_coverage_mean": 0.0,
      "sb_mean_kurtosis": 0.0,
      "sb_mean_transport": 0.0,
      "per_weight_standard_fraction": 1.0,
      "per_weight_sb_fraction": 0.0,
      "per_weight_mean_kurtosis": 0.0,
      "per_weight_max_kurtosis": 0.0,
      "per_weight_fraction_non_gaussian": 0.0
    },
    {
      "task_id": 1,
      "classes": [
        2,
        3
      ],
      "train_accuracy": 0.9970931826907256,
      "test_accuracy": 0.9946131243878551,
      "train_loss": 0.0,
      "test_loss": 0.0,
      "train_energy": 0.0,
      "test_energy": 0.0,
      "epochs_trained": 5,
      "training_time": 10.630204439163208,
      "support_cols": [
        0,
        1,
        2,
        3,
        4,
        5,
        6,
        7,
        11,
        10,
        9,
        8
      ],
      "epoch_accuracies": [
        0.9745347698334965,
        0.9867776689520078,
        0.9926542605288933,
        0.9897159647404505,
        0.9946131243878551
      ],
      "epoch_losses": [
        0.0,
        0.0,
        0.0,
        0.0,
        0.0
      ],
      "selector_policy_used": false,
      "selector_trust": 0.5,
      "causal_selector_examples": 90.0,
      "causal_selector_corr": 0.007455840965211674,
      "causal_selector_mae": 0.0010662498024432813,
      "causal_selector_effective_scale": 0.0,
      "causal_selector_coverage_gate": 1.0,
      "causal_selector_agreement_gate": 1.0,
      "causal_selector_trend_gate": 1.0,
      "causal_selector_mix_gate": 0.0,
      "causal_similarity_mean": 0.0,
      "fingerprint_coverage_mean": 0.0,
      "sb_mean_kurtosis": 0.0,
      "sb_mean_transport": 0.0,
      "per_weight_standard_fraction": 1.0,
      "per_weight_sb_fraction": 0.0,
      "per_weight_mean_kurtosis": 0.0,
      "per_weight_max_kurtosis": 0.0,
      "per_weight_fraction_non_gaussian": 0.0
    },
    {
      "task_id": 2,
      "classes": [
        4,
        5
      ],
      "train_accuracy": 0.9988754069251258,
      "test_accuracy": 0.9941302027748132,
      "train_loss": 0.0,
      "test_loss": 0.0,
      "train_energy": 0.0,
      "test_energy": 0.0,
      "epochs_trained": 5,
      "training_time": 12.646522760391235,
      "support_cols": [
        0,
        1,
        2,
        3,
        4,
        5,
        6,
        7,
        11,
        16,
        12,
        20
      ],
      "epoch_accuracies": [
        0.9861259338313767,
        0.9909284951974386,
        0.9925293489861259,
        0.9941302027748132,
        0.9941302027748132
      ],
      "epoch_losses": [
        0.0,
        0.0,
        0.0,
        0.0,
        0.0
      ],
      "selector_policy_used": true,
      "selector_trust": 0.5,
      "causal_selector_examples": 135.0,
      "causal_selector_corr": 0.1606113578536309,
      "causal_selector_mae": 0.0011035793065009268,
      "causal_selector_effective_scale": 0.0,
      "causal_selector_coverage_gate": 1.0,
      "causal_selector_agreement_gate": 1.0,
      "causal_selector_trend_gate": 1.0,
      "causal_selector_mix_gate": 0.0,
      "causal_similarity_mean": 0.0,
      "fingerprint_coverage_mean": 0.0,
      "sb_mean_kurtosis": 0.0,
      "sb_mean_transport": 0.0,
      "per_weight_standard_fraction": 1.0,
      "per_weight_sb_fraction": 0.0,
      "per_weight_mean_kurtosis": 0.0,
      "per_weight_max_kurtosis": 0.0,
      "per_weight_fraction_non_gaussian": 0.0
    }
  ]
}