learning_rate,viscosity,transport_cost,accuracy,time,status
0.0003,0.9,1e-05,82.06,103.05394005775452,success
0.0003,1.0,1e-05,10.280000000000001,103.42520785331726,success
0.001,0.9,1e-05,83.09,104.23977303504944,success
0.001,1.0,1e-05,10.09,102.48340582847595,success
3e-05,0.9,1e-05,11.35,102.56914186477661,success
3e-05,1.0,1e-05,10.299999999999999,103.14006900787354,success
