,task_0,task_1,task_2,task_3,task_4
after_task_0,0.9995271867612293,0.0,0.0,0.0,0.0
after_task_1,0.9843971631205674,0.9916748285994124,0.0,0.0,0.0
after_task_2,0.9801418439716312,0.9265426052889324,0.9935965848452508,0.0,0.0
after_task_3,0.9602836879432625,0.9025465230166504,0.9242262540021344,0.9924471299093656,0.0
after_task_4,0.9527186761229315,0.8785504407443683,0.875667022411953,0.9164149043303121,0.9838628340897629
