{
  "global_step": 2,
  "summaries": [
    {
      "task_id": 0,
      "classes": [
        0,
        1
      ],
      "train_accuracy": 1.0,
      "test_accuracy": 0.9995271867612293,
      "train_loss": 0.0,
      "test_loss": 0.0,
      "train_energy": 0.0,
      "test_energy": 0.0,
      "epochs_trained": 5,
      "training_time": 7.276587009429932,
      "support_cols": [
        0,
        1,
        2,
        3,
        4,
        5,
        6,
        7,
        28,
        29,
        30,
        31
      ],
      "epoch_accuracies": [
        0.9990543735224586,
        0.9985815602836879,
        0.9995271867612293,
        0.9990543735224586,
        0.9995271867612293
      ],
      "epoch_losses": [
        0.0,
        0.0,
        0.0,
        0.0,
        0.0
      ],
      "selector_policy_used": true,
      "selector_trust": 0.5
    },
    {
      "task_id": 1,
      "classes": [
        2,
        3
      ],
      "train_accuracy": 0.9970383370811167,
      "test_accuracy": 0.9916748285994124,
      "train_loss": 0.0,
      "test_loss": 0.0,
      "train_energy": 0.0,
      "test_energy": 0.0,
      "epochs_trained": 5,
      "training_time": 8.932792901992798,
      "support_cols": [
        0,
        1,
        2,
        3,
        4,
        5,
        6,
        7,
        28,
        29,
        30,
        31
      ],
      "epoch_accuracies": [
        0.9666993143976493,
        0.9853085210577864,
        0.9906953966699314,
        0.9887365328109696,
        0.9916748285994124
      ],
      "epoch_losses": [
        0.0,
        0.0,
        0.0,
        0.0,
        0.0
      ],
      "selector_policy_used": true,
      "selector_trust": 0.5
    }
  ]
}