,task_0,task_1,task_2,task_3,task_4
after_task_0,0.9995271867612293,0.0,0.0,0.0,0.0
after_task_1,0.0,0.9946131243878551,0.0,0.0,0.0
after_task_2,0.0,0.0,0.9978655282817502,0.0,0.0
after_task_3,0.0,0.0,0.0,0.9984894259818731,0.0
after_task_4,0.0,0.0,0.0,0.0,0.9858799798285426
