,task_0,task_1,task_2,task_3,task_4
after_task_0,0.9995271867612293,0.0,0.0,0.0,0.0
after_task_1,0.9843971631205674,0.9931439764936337,0.0,0.0,0.0
after_task_2,0.9796690307328605,0.9231145935357493,0.996264674493063,0.0,0.0
after_task_3,0.9664302600472813,0.9236043095004897,0.9370330843116329,0.9919436052366566,0.0
after_task_4,0.950354609929078,0.8868756121449559,0.8815368196371398,0.9249748237663645,0.9843671205244579
