{
  "global_step": 1,
  "summaries": [
    {
      "task_id": 0,
      "classes": [
        0,
        1
      ],
      "train_accuracy": 1.0,
      "test_accuracy": 0.9995271867612293,
      "train_loss": 0.0,
      "test_loss": 0.0,
      "train_energy": 0.0,
      "test_energy": 0.0,
      "epochs_trained": 5,
      "training_time": 8.75885820388794,
      "support_cols": [
        0,
        1,
        2,
        3,
        4,
        5,
        6,
        7,
        28,
        29,
        30,
        31
      ],
      "epoch_accuracies": [
        0.9990543735224586,
        0.9990543735224586,
        0.9995271867612293,
        0.9990543735224586,
        0.9995271867612293
      ],
      "epoch_losses": [
        0.0,
        0.0,
        0.0,
        0.0,
        0.0
      ],
      "selector_policy_used": true,
      "selector_trust": 0.5
    }
  ]
}